order_date,daily_revenue
2017-01-05,707.27
2017-01-06,988.28
2017-01-07,1447.99
2017-01-08,507.85
2017-01-09,774.51
2017-01-10,1571.17
2017-01-11,2098.78
2017-01-12,1720.3500000000001
2017-01-13,2712.86
2017-01-14,1153.29
2017-01-15,2551.34
2017-01-16,3664.54
2017-01-17,3893.61
2017-01-18,3811.68
2017-01-19,4140.16
2017-01-20,4656.05
2017-01-21,2897.87
2017-01-22,4141.87
2017-01-23,7221.59
2017-01-24,5943.21
2017-01-25,8196.07
2017-01-26,14824.8
2017-01-27,12458.15
2017-01-28,5710.01
2017-01-29,6593.76
2017-01-30,11277.15
2017-01-31,11818.16
2017-02-01,8788.7
2017-02-02,10334.07
2017-02-03,10797.08
2017-02-04,15320.15
2017-02-05,10035.210000000001
2017-02-06,10892.49
2017-02-07,16004.01
2017-02-08,13516.29
2017-02-09,10568.42
2017-02-10,14486.49
2017-02-11,5233.15
2017-02-12,16389.82
2017-02-13,12174.71
2017-02-14,12357.96
2017-02-15,7734.14
2017-02-16,6842.42
2017-02-17,8059.21
2017-02-18,8451.14
2017-02-19,4195.81
2017-02-20,8318.07
2017-02-21,8982.23
2017-02-22,7024.96
2017-02-23,7790.55
2017-02-24,7779.2
2017-02-25,4347.75
2017-02-26,6101.02
2017-02-27,6721.860000000001
2017-02-28,11992.41
2017-03-01,14190.98
2017-03-02,12575.460000000001
2017-03-03,13919.14
2017-03-04,10024.789999999999
2017-03-05,8092.320000000001
2017-03-06,10605.15
2017-03-07,13190.06
2017-03-08,14774.64
2017-03-09,13001.78
2017-03-10,14005.74
2017-03-11,12089.77
2017-03-12,7711.89
2017-03-13,18563.44
2017-03-14,16171.19
2017-03-15,16477.95
2017-03-16,16463.94
2017-03-17,13522.029999999999
2017-03-18,17588.75
2017-03-19,7728.08
2017-03-20,19327.85
2017-03-21,13166.64
2017-03-22,16338.04
2017-03-23,18402.829999999998
2017-03-24,11554.4
2017-03-25,10896.76
2017-03-26,7356.92
2017-03-27,18517.1
2017-03-28,13533.92
2017-03-29,9662.03
2017-03-30,11172.34
2017-03-31,13705.02
2017-04-01,18862.37
2017-04-02,10449.4
2017-04-03,10300.27
2017-04-04,14152.99
2017-04-05,20080.09
2017-04-06,20966.29
2017-04-07,14605.91
2017-04-08,9688.06
2017-04-09,9077.65
2017-04-10,13049.66
2017-04-11,8400.58
2017-04-12,8925.15
2017-04-13,11213.93
2017-04-14,7950.88
2017-04-15,9225.82
2017-04-16,6046.41
2017-04-17,8628.01
2017-04-18,23433.86
2017-04-19,13527.61
2017-04-20,14461.9
2017-04-21,10048.39
2017-04-22,14736.68
2017-04-23,11506.54
2017-04-24,15435.6
2017-04-25,16136.78
2017-04-26,18037.64
2017-04-27,11475.53
2017-04-28,17803.15
2017-04-29,13295.69
2017-04-30,9289.56
2017-05-01,13923.19
2017-05-02,19905.34
2017-05-03,12105.77
2017-05-04,15778.17
2017-05-05,15902.53
2017-05-06,16591.62
2017-05-07,18674.86
2017-05-08,18708.37
2017-05-09,23487.36
2017-05-10,22639.82
2017-05-11,21041.73
2017-05-12,13918.65
2017-05-13,9772.58
2017-05-14,16509.65
2017-05-15,21047.98
2017-05-16,24204.95
2017-05-17,21127.09
2017-05-18,20801.42
2017-05-19,20476.48
2017-05-20,12230.23
2017-05-21,20063.3
2017-05-22,27312.02
2017-05-23,19913.85
2017-05-24,26523.73
2017-05-25,17383.91
2017-05-26,12246.38
2017-05-27,15158.26
2017-05-28,11107.24
2017-05-29,20620.45
2017-05-30,15732.56
2017-05-31,21941.91
2017-06-01,21730.329999999998
2017-06-02,21013.76
2017-06-03,12232.84
2017-06-04,15701.85
2017-06-05,25970.02
2017-06-06,16124.16
2017-06-07,15102.210000000001
2017-06-08,21913.61
2017-06-09,18443.48
2017-06-10,9467.0
2017-06-11,16386.88
2017-06-12,16716.1
2017-06-13,16285.23
2017-06-14,23184.15
2017-06-15,14140.56
2017-06-16,14547.83
2017-06-17,12474.05
2017-06-18,17556.37
2017-06-19,25319.01
2017-06-20,13653.9
2017-06-21,7196.18
2017-06-22,10159.55
2017-06-23,15044.51
2017-06-24,9781.5
2017-06-25,19861.19
2017-06-26,14631.39
2017-06-27,19575.96
2017-06-28,16811.26
2017-06-29,14275.039999999999
2017-06-30,14750.45
2017-07-01,13357.44
2017-07-02,13329.83
2017-07-03,17704.27
2017-07-04,17626.42
2017-07-05,23844.87
2017-07-06,24168.19
2017-07-07,15647.800000000001
2017-07-08,11897.07
2017-07-09,9915.73
2017-07-10,20397.34
2017-07-11,22602.06
2017-07-12,21757.95
2017-07-13,17675.37
2017-07-14,21665.78
2017-07-15,13070.380000000001
2017-07-16,15085.01
2017-07-17,25133.74
2017-07-18,31844.61
2017-07-19,19302.12
2017-07-20,21031.58
2017-07-21,14917.54
2017-07-22,13279.2
2017-07-23,13682.85
2017-07-24,21300.63
2017-07-25,19767.31
2017-07-26,13352.49
2017-07-27,18440.83
2017-07-28,22607.760000000002
2017-07-29,17426.579999999998
2017-07-30,14388.6
2017-07-31,20077.73
2017-08-01,24807.85
2017-08-02,20673.82
2017-08-03,21257.46
2017-08-04,21112.7
2017-08-05,14282.71
2017-08-06,15305.72
2017-08-07,26629.34
2017-08-08,21527.55
2017-08-09,23298.079999999998
2017-08-10,23196.09
2017-08-11,22059.17
2017-08-12,14433.46
2017-08-13,14373.59
2017-08-14,21243.99
2017-08-15,26883.57
2017-08-16,24353.54
2017-08-17,21116.33
2017-08-18,19514.79
2017-08-19,15017.0
2017-08-20,14955.17
2017-08-21,25168.01
2017-08-22,19680.58
2017-08-23,18593.79
2017-08-24,15702.29
2017-08-25,16589.62
2017-08-26,11658.23
2017-08-27,15414.31
2017-08-28,24637.72
2017-08-29,36458.69
2017-08-30,33063.14
2017-08-31,22824.05
2017-09-01,31762.64
2017-09-02,20215.96
2017-09-03,30749.18
2017-09-04,28186.68
2017-09-05,24058.06
2017-09-06,28254.37
2017-09-07,19096.76
2017-09-08,14052.140000000001
2017-09-09,17080.58
2017-09-10,20041.510000000002
2017-09-11,26817.75
2017-09-12,31485.63
2017-09-13,31513.57
2017-09-14,26057.64
2017-09-15,21050.71
2017-09-16,21758.71
2017-09-17,22826.04
2017-09-18,31138.01
2017-09-19,22906.86
2017-09-20,25690.71
2017-09-21,21483.11
2017-09-22,18108.13
2017-09-23,11530.58
2017-09-24,15371.22
2017-09-25,20365.15
2017-09-26,24567.69
2017-09-27,24083.23
2017-09-28,26042.47
2017-09-29,31075.78
2017-09-30,13706.62
2017-10-01,21048.670000000002
2017-10-02,24937.45
2017-10-03,29647.5
2017-10-04,24518.81
2017-10-05,28373.15
2017-10-06,19876.14
2017-10-07,17222.98
2017-10-08,19424.09
2017-10-09,33381.74
2017-10-10,31450.93
2017-10-11,21848.66
2017-10-12,21724.54
2017-10-13,25706.51
2017-10-14,15715.4
2017-10-15,21097.05
2017-10-16,34432.31
2017-10-17,34316.96
2017-10-18,31501.86
2017-10-19,26785.55
2017-10-20,21436.4
2017-10-21,16798.55
2017-10-22,22539.73
2017-10-23,25126.53
2017-10-24,25676.45
2017-10-25,20594.98
2017-10-26,24937.54
2017-10-27,23077.41
2017-10-28,18741.9
2017-10-29,20048.32
2017-10-30,22367.97
2017-10-31,26760.93
2017-11-01,22029.170000000002
2017-11-02,23825.63
2017-11-03,26036.15
2017-11-04,22074.22
2017-11-05,19815.72
2017-11-06,32103.93
2017-11-07,23396.09
2017-11-08,22458.68
2017-11-09,28045.13
2017-11-10,22010.46
2017-11-11,26054.420000000002
2017-11-12,25953.39
2017-11-13,28630.29
2017-11-14,30755.36
2017-11-15,26278.57
2017-11-16,32236.16
2017-11-17,33589.38
2017-11-18,26543.38
2017-11-19,23273.6
2017-11-20,49072.99
2017-11-21,38506.59
2017-11-22,28780.67
2017-11-23,49748.15
2017-11-24,175178.46
2017-11-25,70683.26
2017-11-26,52162.53
2017-11-27,55887.39
2017-11-28,55990.3
2017-11-29,46164.91
2017-11-30,36079.22
2017-12-01,44851.78
2017-12-02,35241.12
2017-12-03,33702.97
2017-12-04,51721.88
2017-12-05,39049.39
2017-12-06,44917.87
2017-12-07,32437.08
2017-12-08,33204.45
2017-12-09,23321.18
2017-12-10,27627.43
2017-12-11,38433.88
2017-12-12,37772.83
2017-12-13,33706.35
2017-12-14,29203.3
2017-12-15,30506.850000000002
2017-12-16,22701.57
2017-12-17,21775.65
2017-12-18,33366.81
2017-12-19,23852.04
2017-12-20,30531.4
2017-12-21,21091.469999999998
2017-12-22,16417.62
2017-12-23,13952.56
2017-12-24,6653.69
2017-12-25,12059.380000000001
2017-12-26,23271.06
2017-12-27,20625.7
2017-12-28,17346.7
2017-12-29,18620.09
2017-12-30,15189.49
2017-12-31,9924.7
2018-01-01,8245.67
2018-01-02,28935.99
2018-01-03,35871.97
2018-01-04,39116.62
2018-01-05,30206.5
2018-01-06,32447.81
2018-01-07,32749.23
2018-01-08,43919.46
2018-01-09,34945.58
2018-01-10,43639.98
2018-01-11,45848.38
2018-01-12,35877.31
2018-01-13,31861.11
2018-01-14,34945.43
2018-01-15,44181.93
2018-01-16,48922.6
2018-01-17,41245.28
2018-01-18,32638.34
2018-01-19,32189.14
2018-01-20,26659.09
2018-01-21,25626.3
2018-01-22,42926.4
2018-01-23,39498.86
2018-01-24,35946.84
2018-01-25,33729.66
2018-01-26,38732.83
2018-01-27,24564.62
2018-01-28,25641.23
2018-01-29,35422.02
2018-01-30,34174.42
2018-01-31,37176.86
2018-02-01,35169.75
2018-02-02,31558.69
2018-02-03,26740.48
2018-02-04,27642.05
2018-02-05,41183.28
2018-02-06,39158.65
2018-02-07,35838.49
2018-02-08,31527.54
2018-02-09,34627.5
2018-02-10,24332.26
2018-02-11,25356.65
2018-02-12,27536.86
2018-02-13,27425.08
2018-02-14,42700.67
2018-02-15,36727.52
2018-02-16,31415.46
2018-02-17,29049.53
2018-02-18,28538.12
2018-02-19,32947.12
2018-02-20,42180.21
2018-02-21,36890.27
2018-02-22,35576.6
2018-02-23,32866.43
2018-02-24,27999.58
2018-02-25,33900.74
2018-02-26,49657.05
2018-02-27,46614.43
2018-02-28,51007.4
2018-03-01,45237.19
2018-03-02,36904.020000000004
2018-03-03,30780.48
2018-03-04,35533.63
2018-03-05,43688.23
2018-03-06,44866.1
2018-03-07,41584.0
2018-03-08,33059.59
2018-03-09,32245.93
2018-03-10,29695.97
2018-03-11,36317.38
2018-03-12,35245.43
2018-03-13,40303.2
2018-03-14,27150.51
2018-03-15,48505.73
2018-03-16,37682.1
2018-03-17,23539.64
2018-03-18,35452.6
2018-03-19,51174.55
2018-03-20,42122.05
2018-03-21,45667.68
2018-03-22,36150.42
2018-03-23,31492.42
2018-03-24,27433.67
2018-03-25,29948.34
2018-03-26,41107.03
2018-03-27,39307.06
2018-03-28,31423.56
2018-03-29,32832.21
2018-03-30,25993.33
2018-03-31,28154.19
2018-04-01,33208.59
2018-04-02,46569.04
2018-04-03,41790.84
2018-04-04,42190.71
2018-04-05,41827.62
2018-04-06,30713.49
2018-04-07,28285.12
2018-04-08,27502.17
2018-04-09,55344.94
2018-04-10,31879.44
2018-04-11,44426.53
2018-04-12,39744.35
2018-04-13,34785.48
2018-04-14,22305.81
2018-04-15,36145.24
2018-04-16,46876.41
2018-04-17,39357.92
2018-04-18,44845.56
2018-04-19,49231.16
2018-04-20,31389.13
2018-04-21,22309.62
2018-04-22,31803.79
2018-04-23,43741.63
2018-04-24,48920.64
2018-04-25,46862.91
2018-04-26,36424.31
2018-04-27,45325.99
2018-04-28,25846.43
2018-04-29,22756.579999999998
2018-04-30,40467.48
2018-05-01,37911.35
2018-05-02,42472.0
2018-05-03,47935.1
2018-05-04,44708.27
2018-05-05,32029.9
2018-05-06,32174.89
2018-05-07,60805.36
2018-05-08,53989.69
2018-05-09,49598.24
2018-05-10,56936.61
2018-05-11,43139.65
2018-05-12,33775.16
2018-05-13,36076.26
2018-05-14,60753.87
2018-05-15,49218.01
2018-05-16,63957.96
2018-05-17,35328.37
2018-05-18,35661.18
2018-05-19,28140.170000000002
2018-05-20,22624.45
2018-05-21,28743.66
2018-05-22,31382.44
2018-05-23,20262.29
2018-05-24,22206.44
2018-05-25,18137.37
2018-05-26,16914.09
2018-05-27,14693.68
2018-05-28,30114.99
2018-05-29,29430.63
2018-05-30,22279.18
2018-05-31,27373.260000000002
2018-06-01,37282.67
2018-06-02,28870.670000000002
2018-06-03,32375.8
2018-06-04,33866.17
2018-06-05,35864.93
2018-06-06,32176.98
2018-06-07,42676.38
2018-06-08,31031.82
2018-06-09,33831.9
2018-06-10,30117.3
2018-06-11,57313.28
2018-06-12,46630.26
2018-06-13,40557.09
2018-06-14,32553.16
2018-06-15,31134.14
2018-06-16,28607.93
2018-06-17,20657.670000000002
2018-06-18,39769.340000000004
2018-06-19,39427.64
2018-06-20,34251.51
2018-06-21,33152.97
2018-06-22,28484.579999999998
2018-06-23,21043.65
2018-06-24,29291.6
2018-06-25,41024.31
2018-06-26,36970.52
2018-06-27,32505.93
2018-06-28,37148.28
2018-06-29,24857.31
2018-06-30,18502.5
2018-07-01,28512.39
2018-07-02,29113.41
2018-07-03,31209.77
2018-07-04,41009.49
2018-07-05,33574.03
2018-07-06,21828.25
2018-07-07,10942.08
2018-07-08,17107.24
2018-07-09,22894.0
2018-07-10,21572.53
2018-07-11,21278.72
2018-07-12,22767.579999999998
2018-07-13,32529.4
2018-07-14,25593.41
2018-07-15,33876.6
2018-07-16,36252.97
2018-07-17,34775.590000000004
2018-07-18,48588.05
2018-07-19,44557.38
2018-07-20,37905.62
2018-07-21,25123.69
2018-07-22,30939.74
2018-07-23,47195.4
2018-07-24,46345.99
2018-07-25,47594.66
2018-07-26,41183.96
2018-07-27,33017.34
2018-07-28,29350.49
2018-07-29,34233.33
2018-07-30,44165.909999999996
2018-07-31,52768.26
2018-08-01,48066.12
2018-08-02,44848.39
2018-08-03,48819.74
2018-08-04,40237.94
2018-08-05,41282.340000000004
2018-08-06,62728.22
2018-08-07,55638.22
2018-08-08,50372.35
2018-08-09,46295.4
2018-08-10,38944.43
2018-08-11,30511.59
2018-08-12,34260.37
2018-08-13,45431.409999999996
2018-08-14,51138.5
2018-08-15,52083.75
2018-08-16,41691.659999999996
2018-08-17,36948.71
2018-08-18,28475.76
2018-08-19,29966.5
2018-08-20,39075.89
2018-08-21,30773.19
