order_date,daily_revenue,region
2017-01-05,24.42,São Paulo
2017-01-06,21.450000000000003,São Paulo
2017-01-07,47.83,São Paulo
2017-01-08,141.37,São Paulo
2017-01-09,151.37,São Paulo
2017-01-10,425.07,São Paulo
2017-01-11,159.81,São Paulo
2017-01-12,609.94,São Paulo
2017-01-13,710.75,São Paulo
2017-01-14,404.67,São Paulo
2017-01-15,347.0,São Paulo
2017-01-16,1824.3000000000002,São Paulo
2017-01-17,1690.01,São Paulo
2017-01-18,1440.0900000000001,São Paulo
2017-01-19,1726.29,São Paulo
2017-01-20,1505.51,São Paulo
2017-01-21,710.72,São Paulo
2017-01-22,2227.74,São Paulo
2017-01-23,2584.48,São Paulo
2017-01-24,2628.02,São Paulo
2017-01-25,3160.16,São Paulo
2017-01-26,6052.45,São Paulo
2017-01-27,4521.610000000001,São Paulo
2017-01-28,818.98,São Paulo
2017-01-29,2057.0,São Paulo
2017-01-30,3180.25,São Paulo
2017-01-31,5666.89,São Paulo
2017-02-01,2521.78,São Paulo
2017-02-02,2364.8,São Paulo
2017-02-03,3667.8599999999997,São Paulo
2017-02-04,3261.7799999999997,São Paulo
2017-02-05,2867.1,São Paulo
2017-02-06,4689.24,São Paulo
2017-02-07,7226.36,São Paulo
2017-02-08,4121.25,São Paulo
2017-02-09,2960.44,São Paulo
2017-02-10,4382.43,São Paulo
2017-02-11,2054.56,São Paulo
2017-02-12,3834.8,São Paulo
2017-02-13,2949.57,São Paulo
2017-02-14,3005.64,São Paulo
2017-02-15,3103.35,São Paulo
2017-02-16,2542.25,São Paulo
2017-02-17,2087.46,São Paulo
2017-02-18,2416.0299999999997,São Paulo
2017-02-19,2156.58,São Paulo
2017-02-20,2854.52,São Paulo
2017-02-21,1017.0600000000001,São Paulo
2017-02-22,1970.34,São Paulo
2017-02-23,2544.5,São Paulo
2017-02-24,1901.79,São Paulo
2017-02-25,2314.82,São Paulo
2017-02-26,3271.8100000000004,São Paulo
2017-02-27,1882.92,São Paulo
2017-02-28,4465.25,São Paulo
2017-03-01,6506.24,São Paulo
2017-03-02,5547.3,São Paulo
2017-03-03,5274.849999999999,São Paulo
2017-03-04,2483.45,São Paulo
2017-03-05,2450.85,São Paulo
2017-03-06,4781.93,São Paulo
2017-03-07,4702.110000000001,São Paulo
2017-03-08,3908.1,São Paulo
2017-03-09,3600.83,São Paulo
2017-03-10,6152.77,São Paulo
2017-03-11,4173.2699999999995,São Paulo
2017-03-12,2401.1,São Paulo
2017-03-13,4649.05,São Paulo
2017-03-14,4601.89,São Paulo
2017-03-15,5085.4400000000005,São Paulo
2017-03-16,5829.48,São Paulo
2017-03-17,4314.89,São Paulo
2017-03-18,7411.780000000001,São Paulo
2017-03-19,3872.14,São Paulo
2017-03-20,5357.96,São Paulo
2017-03-21,4450.08,São Paulo
2017-03-22,8238.67,São Paulo
2017-03-23,5443.13,São Paulo
2017-03-24,3710.7400000000002,São Paulo
2017-03-25,3297.88,São Paulo
2017-03-26,2553.94,São Paulo
2017-03-27,7320.91,São Paulo
2017-03-28,6305.42,São Paulo
2017-03-29,3956.56,São Paulo
2017-03-30,4457.63,São Paulo
2017-03-31,4817.4,São Paulo
2017-04-01,6892.150000000001,São Paulo
2017-04-02,3479.12,São Paulo
2017-04-03,3394.4,São Paulo
2017-04-04,6745.64,São Paulo
2017-04-05,7009.33,São Paulo
2017-04-06,7134.81,São Paulo
2017-04-07,8721.09,São Paulo
2017-04-08,3627.58,São Paulo
2017-04-09,2113.65,São Paulo
2017-04-10,3591.11,São Paulo
2017-04-11,3190.51,São Paulo
2017-04-12,4317.61,São Paulo
2017-04-13,3284.7599999999998,São Paulo
2017-04-14,2981.18,São Paulo
2017-04-15,3814.9,São Paulo
2017-04-16,1354.0,São Paulo
2017-04-17,2152.18,São Paulo
2017-04-18,7714.0199999999995,São Paulo
2017-04-19,5013.34,São Paulo
2017-04-20,4909.12,São Paulo
2017-04-21,3520.0099999999998,São Paulo
2017-04-22,4740.16,São Paulo
2017-04-23,6420.98,São Paulo
2017-04-24,5829.96,São Paulo
2017-04-25,5553.7,São Paulo
2017-04-26,7511.25,São Paulo
2017-04-27,3197.35,São Paulo
2017-04-28,3864.7,São Paulo
2017-04-29,3414.34,São Paulo
2017-04-30,3236.33,São Paulo
2017-05-01,7476.16,São Paulo
2017-05-02,4874.86,São Paulo
2017-05-03,2677.82,São Paulo
2017-05-04,4829.05,São Paulo
2017-05-05,4814.49,São Paulo
2017-05-06,5030.77,São Paulo
2017-05-07,6473.93,São Paulo
2017-05-08,5691.09,São Paulo
2017-05-09,5258.7300000000005,São Paulo
2017-05-10,4386.82,São Paulo
2017-05-11,6639.5,São Paulo
2017-05-12,6488.09,São Paulo
2017-05-13,3744.78,São Paulo
2017-05-14,4784.36,São Paulo
2017-05-15,7736.67,São Paulo
2017-05-16,6965.05,São Paulo
2017-05-17,8335.04,São Paulo
2017-05-18,8761.94,São Paulo
2017-05-19,9143.33,São Paulo
2017-05-20,4126.68,São Paulo
2017-05-21,7164.93,São Paulo
2017-05-22,10044.69,São Paulo
2017-05-23,9525.28,São Paulo
2017-05-24,14061.55,São Paulo
2017-05-25,6690.38,São Paulo
2017-05-26,3427.62,São Paulo
2017-05-27,5297.56,São Paulo
2017-05-28,4524.07,São Paulo
2017-05-29,7779.33,São Paulo
2017-05-30,4482.55,São Paulo
2017-05-31,3753.11,São Paulo
2017-06-01,9039.45,São Paulo
2017-06-02,11120.98,São Paulo
2017-06-03,4675.11,São Paulo
2017-06-04,4443.57,São Paulo
2017-06-05,12208.05,São Paulo
2017-06-06,7211.03,São Paulo
2017-06-07,4101.88,São Paulo
2017-06-08,6217.74,São Paulo
2017-06-09,6601.93,São Paulo
2017-06-10,3027.73,São Paulo
2017-06-11,6749.58,São Paulo
2017-06-12,5869.49,São Paulo
2017-06-13,4973.34,São Paulo
2017-06-14,8954.19,São Paulo
2017-06-15,4713.52,São Paulo
2017-06-16,7409.29,São Paulo
2017-06-17,7152.32,São Paulo
2017-06-18,6742.09,São Paulo
2017-06-19,9700.15,São Paulo
2017-06-20,4408.33,São Paulo
2017-06-21,5522.43,São Paulo
2017-06-22,3763.91,São Paulo
2017-06-23,6018.67,São Paulo
2017-06-24,3224.7799999999997,São Paulo
2017-06-25,5365.17,São Paulo
2017-06-26,4364.21,São Paulo
2017-06-27,8040.65,São Paulo
2017-06-28,6788.59,São Paulo
2017-06-29,5874.89,São Paulo
2017-06-30,6622.79,São Paulo
2017-07-01,2600.44,São Paulo
2017-07-02,6441.65,São Paulo
2017-07-03,5760.03,São Paulo
2017-07-04,6070.35,São Paulo
2017-07-05,7706.65,São Paulo
2017-07-06,7399.0599999999995,São Paulo
2017-07-07,5271.94,São Paulo
2017-07-08,4048.11,São Paulo
2017-07-09,4024.3199999999997,São Paulo
2017-07-10,7510.599999999999,São Paulo
2017-07-11,9302.75,São Paulo
2017-07-12,7783.61,São Paulo
2017-07-13,6435.06,São Paulo
2017-07-14,9162.93,São Paulo
2017-07-15,3545.2999999999997,São Paulo
2017-07-16,5312.8,São Paulo
2017-07-17,8824.3,São Paulo
2017-07-18,10672.06,São Paulo
2017-07-19,7757.5,São Paulo
2017-07-20,6911.79,São Paulo
2017-07-21,5152.35,São Paulo
2017-07-22,5210.21,São Paulo
2017-07-23,5513.01,São Paulo
2017-07-24,9704.97,São Paulo
2017-07-25,7205.11,São Paulo
2017-07-26,4533.15,São Paulo
2017-07-27,6059.25,São Paulo
2017-07-28,6348.92,São Paulo
2017-07-29,8469.83,São Paulo
2017-07-30,5685.82,São Paulo
2017-07-31,8032.63,São Paulo
2017-08-01,7823.81,São Paulo
2017-08-02,8473.13,São Paulo
2017-08-03,7460.15,São Paulo
2017-08-04,5820.15,São Paulo
2017-08-05,3625.66,São Paulo
2017-08-06,4152.11,São Paulo
2017-08-07,8085.0,São Paulo
2017-08-08,7498.400000000001,São Paulo
2017-08-09,8518.17,São Paulo
2017-08-10,10477.24,São Paulo
2017-08-11,7826.88,São Paulo
2017-08-12,7276.5,São Paulo
2017-08-13,3134.51,São Paulo
2017-08-14,7617.75,São Paulo
2017-08-15,9560.28,São Paulo
2017-08-16,7854.57,São Paulo
2017-08-17,7098.97,São Paulo
2017-08-18,8668.86,São Paulo
2017-08-19,5449.18,São Paulo
2017-08-20,4477.54,São Paulo
2017-08-21,7854.82,São Paulo
2017-08-22,6778.86,São Paulo
2017-08-23,7182.4,São Paulo
2017-08-24,5835.65,São Paulo
2017-08-25,5118.27,São Paulo
2017-08-26,5187.8,São Paulo
2017-08-27,4996.93,São Paulo
2017-08-28,8963.61,São Paulo
2017-08-29,10968.939999999999,São Paulo
2017-08-30,8567.98,São Paulo
2017-08-31,6863.23,São Paulo
2017-09-01,11748.07,São Paulo
2017-09-02,7437.15,São Paulo
2017-09-03,10163.42,São Paulo
2017-09-04,13628.810000000001,São Paulo
2017-09-05,7140.27,São Paulo
2017-09-06,11047.18,São Paulo
2017-09-07,6455.03,São Paulo
2017-09-08,4301.28,São Paulo
2017-09-09,7137.41,São Paulo
2017-09-10,7034.37,São Paulo
2017-09-11,8821.29,São Paulo
2017-09-12,10940.04,São Paulo
2017-09-13,10544.83,São Paulo
2017-09-14,9334.91,São Paulo
2017-09-15,7305.19,São Paulo
2017-09-16,5894.0,São Paulo
2017-09-17,5762.18,São Paulo
2017-09-18,10678.93,São Paulo
2017-09-19,7240.41,São Paulo
2017-09-20,10836.29,São Paulo
2017-09-21,6211.28,São Paulo
2017-09-22,7676.28,São Paulo
2017-09-23,3076.34,São Paulo
2017-09-24,6015.39,São Paulo
2017-09-25,7995.69,São Paulo
2017-09-26,8989.45,São Paulo
2017-09-27,8299.53,São Paulo
2017-09-28,7868.09,São Paulo
2017-09-29,4944.21,São Paulo
2017-09-30,4239.64,São Paulo
2017-10-01,9353.28,São Paulo
2017-10-02,9876.22,São Paulo
2017-10-03,10107.43,São Paulo
2017-10-04,7284.84,São Paulo
2017-10-05,6871.6,São Paulo
2017-10-06,8596.41,São Paulo
2017-10-07,5547.47,São Paulo
2017-10-08,7238.86,São Paulo
2017-10-09,10054.64,São Paulo
2017-10-10,10363.64,São Paulo
2017-10-11,9617.86,São Paulo
2017-10-12,5363.87,São Paulo
2017-10-13,6085.88,São Paulo
2017-10-14,5269.75,São Paulo
2017-10-15,6294.7699999999995,São Paulo
2017-10-16,10199.12,São Paulo
2017-10-17,13280.11,São Paulo
2017-10-18,10307.17,São Paulo
2017-10-19,8395.21,São Paulo
2017-10-20,7191.33,São Paulo
2017-10-21,6117.73,São Paulo
2017-10-22,8395.94,São Paulo
2017-10-23,11597.800000000001,São Paulo
2017-10-24,7746.4400000000005,São Paulo
2017-10-25,7267.9,São Paulo
2017-10-26,7110.99,São Paulo
2017-10-27,5642.72,São Paulo
2017-10-28,8501.66,São Paulo
2017-10-29,4446.58,São Paulo
2017-10-30,6103.04,São Paulo
2017-10-31,9670.539999999999,São Paulo
2017-11-01,6009.2300000000005,São Paulo
2017-11-02,9582.53,São Paulo
2017-11-03,8860.210000000001,São Paulo
2017-11-04,4891.2,São Paulo
2017-11-05,6396.23,São Paulo
2017-11-06,9314.84,São Paulo
2017-11-07,7877.64,São Paulo
2017-11-08,9016.68,São Paulo
2017-11-09,9404.01,São Paulo
2017-11-10,8859.87,São Paulo
2017-11-11,9469.300000000001,São Paulo
2017-11-12,9881.02,São Paulo
2017-11-13,10941.61,São Paulo
2017-11-14,10176.44,São Paulo
2017-11-15,9783.41,São Paulo
2017-11-16,10915.2,São Paulo
2017-11-17,14594.49,São Paulo
2017-11-18,8267.73,São Paulo
2017-11-19,8486.960000000001,São Paulo
2017-11-20,18020.19,São Paulo
2017-11-21,11645.380000000001,São Paulo
2017-11-22,11136.73,São Paulo
2017-11-23,14223.29,São Paulo
2017-11-24,56170.05,São Paulo
2017-11-25,23274.29,São Paulo
2017-11-26,20254.72,São Paulo
2017-11-27,18955.45,São Paulo
2017-11-28,20839.83,São Paulo
2017-11-29,19119.81,São Paulo
2017-11-30,14632.53,São Paulo
2017-12-01,17205.13,São Paulo
2017-12-02,16600.61,São Paulo
2017-12-03,13454.14,São Paulo
2017-12-04,16415.79,São Paulo
2017-12-05,14458.79,São Paulo
2017-12-06,15687.01,São Paulo
2017-12-07,10625.44,São Paulo
2017-12-08,13166.43,São Paulo
2017-12-09,7393.22,São Paulo
2017-12-10,8602.63,São Paulo
2017-12-11,14063.13,São Paulo
2017-12-12,15179.21,São Paulo
2017-12-13,14132.85,São Paulo
2017-12-14,10720.77,São Paulo
2017-12-15,10936.68,São Paulo
2017-12-16,8980.050000000001,São Paulo
2017-12-17,7963.4,São Paulo
2017-12-18,12146.45,São Paulo
2017-12-19,9866.9,São Paulo
2017-12-20,9214.48,São Paulo
2017-12-21,7870.4,São Paulo
2017-12-22,6861.7,São Paulo
2017-12-23,4739.29,São Paulo
2017-12-24,2890.65,São Paulo
2017-12-25,3448.54,São Paulo
2017-12-26,9464.21,São Paulo
2017-12-27,6440.7,São Paulo
2017-12-28,6673.3,São Paulo
2017-12-29,7689.32,São Paulo
2017-12-30,4900.5599999999995,São Paulo
2017-12-31,5310.7300000000005,São Paulo
2018-01-01,2328.38,São Paulo
2018-01-02,11391.48,São Paulo
2018-01-03,12423.78,São Paulo
2018-01-04,16972.920000000002,São Paulo
2018-01-05,9358.58,São Paulo
2018-01-06,11487.11,São Paulo
2018-01-07,13498.51,São Paulo
2018-01-08,16487.67,São Paulo
2018-01-09,12838.880000000001,São Paulo
2018-01-10,14896.73,São Paulo
2018-01-11,15594.63,São Paulo
2018-01-12,14711.88,São Paulo
2018-01-13,13288.24,São Paulo
2018-01-14,13227.210000000001,São Paulo
2018-01-15,17931.54,São Paulo
2018-01-16,21544.75,São Paulo
2018-01-17,13628.13,São Paulo
2018-01-18,16021.39,São Paulo
2018-01-19,11173.88,São Paulo
2018-01-20,10011.73,São Paulo
2018-01-21,11168.97,São Paulo
2018-01-22,18117.99,São Paulo
2018-01-23,15719.57,São Paulo
2018-01-24,13667.16,São Paulo
2018-01-25,12143.53,São Paulo
2018-01-26,11256.27,São Paulo
2018-01-27,11258.98,São Paulo
2018-01-28,11986.82,São Paulo
2018-01-29,13621.85,São Paulo
2018-01-30,15439.32,São Paulo
2018-01-31,15094.61,São Paulo
2018-02-01,12745.289999999999,São Paulo
2018-02-02,11682.7,São Paulo
2018-02-03,7849.53,São Paulo
2018-02-04,9829.69,São Paulo
2018-02-05,13736.27,São Paulo
2018-02-06,17011.06,São Paulo
2018-02-07,13679.32,São Paulo
2018-02-08,12471.26,São Paulo
2018-02-09,14876.07,São Paulo
2018-02-10,8387.76,São Paulo
2018-02-11,9720.35,São Paulo
2018-02-12,11946.32,São Paulo
2018-02-13,14056.94,São Paulo
2018-02-14,15323.31,São Paulo
2018-02-15,15584.03,São Paulo
2018-02-16,11043.8,São Paulo
2018-02-17,7799.29,São Paulo
2018-02-18,11348.42,São Paulo
2018-02-19,12311.89,São Paulo
2018-02-20,11490.89,São Paulo
2018-02-21,12472.039999999999,São Paulo
2018-02-22,16289.289999999999,São Paulo
2018-02-23,11942.57,São Paulo
2018-02-24,7893.48,São Paulo
2018-02-25,10972.69,São Paulo
2018-02-26,14679.56,São Paulo
2018-02-27,19451.07,São Paulo
2018-02-28,14355.47,São Paulo
2018-03-01,17394.71,São Paulo
2018-03-02,12762.72,São Paulo
2018-03-03,10882.11,São Paulo
2018-03-04,17577.2,São Paulo
2018-03-05,17629.760000000002,São Paulo
2018-03-06,16256.6,São Paulo
2018-03-07,14453.28,São Paulo
2018-03-08,12309.380000000001,São Paulo
2018-03-09,13099.59,São Paulo
2018-03-10,7856.02,São Paulo
2018-03-11,12260.16,São Paulo
2018-03-12,12981.88,São Paulo
2018-03-13,16443.0,São Paulo
2018-03-14,10235.19,São Paulo
2018-03-15,14918.98,São Paulo
2018-03-16,15249.33,São Paulo
2018-03-17,9408.86,São Paulo
2018-03-18,15373.12,São Paulo
2018-03-19,22676.62,São Paulo
2018-03-20,15642.85,São Paulo
2018-03-21,18341.45,São Paulo
2018-03-22,15051.41,São Paulo
2018-03-23,13769.16,São Paulo
2018-03-24,11185.97,São Paulo
2018-03-25,10343.64,São Paulo
2018-03-26,15584.630000000001,São Paulo
2018-03-27,16357.37,São Paulo
2018-03-28,12769.960000000001,São Paulo
2018-03-29,11580.05,São Paulo
2018-03-30,7749.89,São Paulo
2018-03-31,10966.62,São Paulo
2018-04-01,13352.5,São Paulo
2018-04-02,19042.670000000002,São Paulo
2018-04-03,15522.18,São Paulo
2018-04-04,19160.94,São Paulo
2018-04-05,17435.53,São Paulo
2018-04-06,12312.94,São Paulo
2018-04-07,13466.6,São Paulo
2018-04-08,11580.4,São Paulo
2018-04-09,21655.85,São Paulo
2018-04-10,17434.07,São Paulo
2018-04-11,15759.67,São Paulo
2018-04-12,14852.56,São Paulo
2018-04-13,10460.57,São Paulo
2018-04-14,8941.16,São Paulo
2018-04-15,16976.19,São Paulo
2018-04-16,17656.32,São Paulo
2018-04-17,15177.51,São Paulo
2018-04-18,12980.87,São Paulo
2018-04-19,19451.07,São Paulo
2018-04-20,13672.07,São Paulo
2018-04-21,8507.48,São Paulo
2018-04-22,12260.49,São Paulo
2018-04-23,15588.62,São Paulo
2018-04-24,18631.82,São Paulo
2018-04-25,17285.74,São Paulo
2018-04-26,15100.17,São Paulo
2018-04-27,14030.88,São Paulo
2018-04-28,12542.5,São Paulo
2018-04-29,7136.34,São Paulo
2018-04-30,15449.63,São Paulo
2018-05-01,14559.84,São Paulo
2018-05-02,18634.23,São Paulo
2018-05-03,20060.56,São Paulo
2018-05-04,17560.21,São Paulo
2018-05-05,13075.92,São Paulo
2018-05-06,13585.99,São Paulo
2018-05-07,25001.86,São Paulo
2018-05-08,19801.44,São Paulo
2018-05-09,19646.96,São Paulo
2018-05-10,17931.12,São Paulo
2018-05-11,18919.19,São Paulo
2018-05-12,12119.2,São Paulo
2018-05-13,14319.31,São Paulo
2018-05-14,22378.38,São Paulo
2018-05-15,19242.58,São Paulo
2018-05-16,26607.87,São Paulo
2018-05-17,15363.51,São Paulo
2018-05-18,19504.36,São Paulo
2018-05-19,16085.85,São Paulo
2018-05-20,11852.8,São Paulo
2018-05-21,15482.29,São Paulo
2018-05-22,17640.28,São Paulo
2018-05-23,11274.41,São Paulo
2018-05-24,14583.77,São Paulo
2018-05-25,9527.09,São Paulo
2018-05-26,5962.46,São Paulo
2018-05-27,6641.51,São Paulo
2018-05-28,12691.68,São Paulo
2018-05-29,11824.52,São Paulo
2018-05-30,6140.04,São Paulo
2018-05-31,10482.5,São Paulo
2018-06-01,15204.1,São Paulo
2018-06-02,8262.52,São Paulo
2018-06-03,13319.16,São Paulo
2018-06-04,16765.73,São Paulo
2018-06-05,18282.27,São Paulo
2018-06-06,11641.62,São Paulo
2018-06-07,17131.61,São Paulo
2018-06-08,11243.17,São Paulo
2018-06-09,13519.61,São Paulo
2018-06-10,11541.19,São Paulo
2018-06-11,18727.93,São Paulo
2018-06-12,15935.12,São Paulo
2018-06-13,14431.42,São Paulo
2018-06-14,13710.27,São Paulo
2018-06-15,7962.76,São Paulo
2018-06-16,9925.87,São Paulo
2018-06-17,10901.86,São Paulo
2018-06-18,13380.95,São Paulo
2018-06-19,19209.079999999998,São Paulo
2018-06-20,14639.84,São Paulo
2018-06-21,13147.5,São Paulo
2018-06-22,9920.02,São Paulo
2018-06-23,6947.1900000000005,São Paulo
2018-06-24,12714.23,São Paulo
2018-06-25,20508.76,São Paulo
2018-06-26,13920.73,São Paulo
2018-06-27,8998.37,São Paulo
2018-06-28,14365.25,São Paulo
2018-06-29,8239.33,São Paulo
2018-06-30,7562.2300000000005,São Paulo
2018-07-01,10830.5,São Paulo
2018-07-02,11509.99,São Paulo
2018-07-03,11781.44,São Paulo
2018-07-04,18975.89,São Paulo
2018-07-05,14255.44,São Paulo
2018-07-06,9670.25,São Paulo
2018-07-07,4859.76,São Paulo
2018-07-08,6633.6,São Paulo
2018-07-09,10287.81,São Paulo
2018-07-10,8548.77,São Paulo
2018-07-11,6883.75,São Paulo
2018-07-12,7723.76,São Paulo
2018-07-13,5623.1,São Paulo
2018-07-14,6141.13,São Paulo
2018-07-15,5094.18,São Paulo
2018-07-16,11478.04,São Paulo
2018-07-17,8478.11,São Paulo
2018-07-18,14827.66,São Paulo
2018-07-19,18494.83,São Paulo
2018-07-20,14578.51,São Paulo
2018-07-21,10033.52,São Paulo
2018-07-22,11004.960000000001,São Paulo
2018-07-23,16776.91,São Paulo
2018-07-24,18676.52,São Paulo
2018-07-25,15212.039999999999,São Paulo
2018-07-26,16190.87,São Paulo
2018-07-27,12157.79,São Paulo
2018-07-28,7723.06,São Paulo
2018-07-29,13218.92,São Paulo
2018-07-30,18011.44,São Paulo
2018-07-31,26138.27,São Paulo
2018-08-01,20825.82,São Paulo
2018-08-02,18463.12,São Paulo
2018-08-03,22979.41,São Paulo
2018-08-04,15140.76,São Paulo
2018-08-05,18830.97,São Paulo
2018-08-06,25005.18,São Paulo
2018-08-07,21652.46,São Paulo
2018-08-08,19581.68,São Paulo
2018-08-09,21908.14,São Paulo
2018-08-10,13626.85,São Paulo
2018-08-11,11515.92,São Paulo
2018-08-12,12775.04,São Paulo
2018-08-13,17096.69,São Paulo
2018-08-14,27303.37,São Paulo
2018-08-15,25810.89,São Paulo
2018-08-16,20251.29,São Paulo
2018-08-17,14590.44,São Paulo
2018-08-18,11817.47,São Paulo
2018-08-19,13633.18,São Paulo
2018-08-20,17447.14,São Paulo
2018-08-21,15780.98,São Paulo
2017-01-05,0.0,Minas Gerais
2017-01-06,300.12,Minas Gerais
2017-01-07,389.43,Minas Gerais
2017-01-08,0.0,Minas Gerais
2017-01-09,367.65000000000003,Minas Gerais
2017-01-10,0.0,Minas Gerais
2017-01-11,1141.37,Minas Gerais
2017-01-12,549.74,Minas Gerais
2017-01-13,1029.46,Minas Gerais
2017-01-14,245.21,Minas Gerais
2017-01-15,469.08,Minas Gerais
2017-01-16,1030.48,Minas Gerais
2017-01-17,332.26,Minas Gerais
2017-01-18,562.51,Minas Gerais
2017-01-19,1091.1399999999999,Minas Gerais
2017-01-20,559.93,Minas Gerais
2017-01-21,525.11,Minas Gerais
2017-01-22,496.4200000000001,Minas Gerais
2017-01-23,1266.04,Minas Gerais
2017-01-24,349.16,Minas Gerais
2017-01-25,794.0799999999999,Minas Gerais
2017-01-26,1498.63,Minas Gerais
2017-01-27,1619.19,Minas Gerais
2017-01-28,673.8,Minas Gerais
2017-01-29,547.89,Minas Gerais
2017-01-30,1417.26,Minas Gerais
2017-01-31,789.27,Minas Gerais
2017-02-01,1054.49,Minas Gerais
2017-02-02,1795.6,Minas Gerais
2017-02-03,1236.79,Minas Gerais
2017-02-04,867.88,Minas Gerais
2017-02-05,702.79,Minas Gerais
2017-02-06,1032.67,Minas Gerais
2017-02-07,3075.97,Minas Gerais
2017-02-08,1804.85,Minas Gerais
2017-02-09,1342.18,Minas Gerais
2017-02-10,1829.93,Minas Gerais
2017-02-11,614.38,Minas Gerais
2017-02-12,1112.71,Minas Gerais
2017-02-13,1713.3799999999999,Minas Gerais
2017-02-14,2861.45,Minas Gerais
2017-02-15,1254.54,Minas Gerais
2017-02-16,932.98,Minas Gerais
2017-02-17,897.08,Minas Gerais
2017-02-18,804.39,Minas Gerais
2017-02-19,435.51000000000005,Minas Gerais
2017-02-20,745.83,Minas Gerais
2017-02-21,2072.91,Minas Gerais
2017-02-22,904.1800000000001,Minas Gerais
2017-02-23,412.33000000000004,Minas Gerais
2017-02-24,579.7,Minas Gerais
2017-02-25,579.2,Minas Gerais
2017-02-26,860.3399999999999,Minas Gerais
2017-02-27,509.53,Minas Gerais
2017-02-28,1884.6100000000001,Minas Gerais
2017-03-01,1336.1,Minas Gerais
2017-03-02,1305.3400000000001,Minas Gerais
2017-03-03,993.83,Minas Gerais
2017-03-04,858.6400000000001,Minas Gerais
2017-03-05,934.42,Minas Gerais
2017-03-06,1802.8700000000001,Minas Gerais
2017-03-07,1882.39,Minas Gerais
2017-03-08,1463.54,Minas Gerais
2017-03-09,2456.12,Minas Gerais
2017-03-10,1287.96,Minas Gerais
2017-03-11,1975.3400000000001,Minas Gerais
2017-03-12,1807.46,Minas Gerais
2017-03-13,1714.6200000000001,Minas Gerais
2017-03-14,1207.14,Minas Gerais
2017-03-15,1898.9299999999998,Minas Gerais
2017-03-16,1727.35,Minas Gerais
2017-03-17,1829.98,Minas Gerais
2017-03-18,381.36,Minas Gerais
2017-03-19,519.17,Minas Gerais
2017-03-20,4482.209999999999,Minas Gerais
2017-03-21,2072.11,Minas Gerais
2017-03-22,1575.5,Minas Gerais
2017-03-23,2540.34,Minas Gerais
2017-03-24,1104.8,Minas Gerais
2017-03-25,680.11,Minas Gerais
2017-03-26,640.96,Minas Gerais
2017-03-27,2023.6,Minas Gerais
2017-03-28,2284.06,Minas Gerais
2017-03-29,1576.07,Minas Gerais
2017-03-30,1051.58,Minas Gerais
2017-03-31,1079.96,Minas Gerais
2017-04-01,1056.83,Minas Gerais
2017-04-02,3326.4300000000003,Minas Gerais
2017-04-03,1491.51,Minas Gerais
2017-04-04,1387.07,Minas Gerais
2017-04-05,2930.06,Minas Gerais
2017-04-06,2824.7799999999997,Minas Gerais
2017-04-07,1289.0,Minas Gerais
2017-04-08,784.4200000000001,Minas Gerais
2017-04-09,862.9,Minas Gerais
2017-04-10,1963.26,Minas Gerais
2017-04-11,714.8100000000001,Minas Gerais
2017-04-12,87.22,Minas Gerais
2017-04-13,1849.29,Minas Gerais
2017-04-14,1550.74,Minas Gerais
2017-04-15,711.47,Minas Gerais
2017-04-16,739.75,Minas Gerais
2017-04-17,727.36,Minas Gerais
2017-04-18,1817.44,Minas Gerais
2017-04-19,1038.04,Minas Gerais
2017-04-20,2407.4900000000002,Minas Gerais
2017-04-21,345.71,Minas Gerais
2017-04-22,2165.11,Minas Gerais
2017-04-23,864.23,Minas Gerais
2017-04-24,2303.27,Minas Gerais
2017-04-25,1965.74,Minas Gerais
2017-04-26,2051.8199999999997,Minas Gerais
2017-04-27,917.13,Minas Gerais
2017-04-28,2375.48,Minas Gerais
2017-04-29,896.4300000000001,Minas Gerais
2017-04-30,1462.33,Minas Gerais
2017-05-01,996.6,Minas Gerais
2017-05-02,1994.26,Minas Gerais
2017-05-03,2247.94,Minas Gerais
2017-05-04,1308.04,Minas Gerais
2017-05-05,1912.72,Minas Gerais
2017-05-06,1410.97,Minas Gerais
2017-05-07,2487.81,Minas Gerais
2017-05-08,1616.99,Minas Gerais
2017-05-09,1522.22,Minas Gerais
2017-05-10,1388.6000000000001,Minas Gerais
2017-05-11,1317.18,Minas Gerais
2017-05-12,1268.8600000000001,Minas Gerais
2017-05-13,1694.46,Minas Gerais
2017-05-14,901.34,Minas Gerais
2017-05-15,1326.78,Minas Gerais
2017-05-16,2901.97,Minas Gerais
2017-05-17,1298.52,Minas Gerais
2017-05-18,2943.47,Minas Gerais
2017-05-19,2576.9,Minas Gerais
2017-05-20,1525.48,Minas Gerais
2017-05-21,4161.92,Minas Gerais
2017-05-22,3081.52,Minas Gerais
2017-05-23,1189.48,Minas Gerais
2017-05-24,784.9,Minas Gerais
2017-05-25,1635.48,Minas Gerais
2017-05-26,1776.6,Minas Gerais
2017-05-27,556.4300000000001,Minas Gerais
2017-05-28,1604.88,Minas Gerais
2017-05-29,2082.85,Minas Gerais
2017-05-30,1586.68,Minas Gerais
2017-05-31,4292.61,Minas Gerais
2017-06-01,1521.2,Minas Gerais
2017-06-02,1703.91,Minas Gerais
2017-06-03,1151.11,Minas Gerais
2017-06-04,2409.58,Minas Gerais
2017-06-05,1251.2,Minas Gerais
2017-06-06,2773.27,Minas Gerais
2017-06-07,1512.77,Minas Gerais
2017-06-08,2267.21,Minas Gerais
2017-06-09,3227.91,Minas Gerais
2017-06-10,680.3599999999999,Minas Gerais
2017-06-11,1887.3600000000001,Minas Gerais
2017-06-12,1514.83,Minas Gerais
2017-06-13,2616.37,Minas Gerais
2017-06-14,1598.03,Minas Gerais
2017-06-15,1296.29,Minas Gerais
2017-06-16,921.0699999999999,Minas Gerais
2017-06-17,1138.69,Minas Gerais
2017-06-18,1116.85,Minas Gerais
2017-06-19,2979.52,Minas Gerais
2017-06-20,1988.71,Minas Gerais
2017-06-21,842.74,Minas Gerais
2017-06-22,1447.75,Minas Gerais
2017-06-23,1458.84,Minas Gerais
2017-06-24,1964.6999999999998,Minas Gerais
2017-06-25,5680.72,Minas Gerais
2017-06-26,1000.2,Minas Gerais
2017-06-27,2008.09,Minas Gerais
2017-06-28,1207.4499999999998,Minas Gerais
2017-06-29,1485.42,Minas Gerais
2017-06-30,1697.1000000000001,Minas Gerais
2017-07-01,2642.0299999999997,Minas Gerais
2017-07-02,1869.71,Minas Gerais
2017-07-03,1723.05,Minas Gerais
2017-07-04,2026.27,Minas Gerais
2017-07-05,3430.77,Minas Gerais
2017-07-06,2906.01,Minas Gerais
2017-07-07,951.38,Minas Gerais
2017-07-08,1122.87,Minas Gerais
2017-07-09,594.15,Minas Gerais
2017-07-10,1880.77,Minas Gerais
2017-07-11,3331.31,Minas Gerais
2017-07-12,1898.81,Minas Gerais
2017-07-13,1394.94,Minas Gerais
2017-07-14,2062.4700000000003,Minas Gerais
2017-07-15,1316.2,Minas Gerais
2017-07-16,1764.83,Minas Gerais
2017-07-17,3625.98,Minas Gerais
2017-07-18,3541.17,Minas Gerais
2017-07-19,1501.81,Minas Gerais
2017-07-20,2418.26,Minas Gerais
2017-07-21,2556.09,Minas Gerais
2017-07-22,1280.9,Minas Gerais
2017-07-23,1237.8999999999999,Minas Gerais
2017-07-24,2164.07,Minas Gerais
2017-07-25,2415.87,Minas Gerais
2017-07-26,801.11,Minas Gerais
2017-07-27,1484.53,Minas Gerais
2017-07-28,2986.1,Minas Gerais
2017-07-29,2596.77,Minas Gerais
2017-07-30,1245.17,Minas Gerais
2017-07-31,2711.16,Minas Gerais
2017-08-01,2451.14,Minas Gerais
2017-08-02,1862.44,Minas Gerais
2017-08-03,1405.26,Minas Gerais
2017-08-04,1542.54,Minas Gerais
2017-08-05,1653.81,Minas Gerais
2017-08-06,1335.6,Minas Gerais
2017-08-07,1824.14,Minas Gerais
2017-08-08,2938.86,Minas Gerais
2017-08-09,2659.72,Minas Gerais
2017-08-10,1796.24,Minas Gerais
2017-08-11,3154.38,Minas Gerais
2017-08-12,1546.51,Minas Gerais
2017-08-13,2739.85,Minas Gerais
2017-08-14,2334.57,Minas Gerais
2017-08-15,1694.99,Minas Gerais
2017-08-16,2637.67,Minas Gerais
2017-08-17,3362.49,Minas Gerais
2017-08-18,2442.75,Minas Gerais
2017-08-19,1443.9,Minas Gerais
2017-08-20,1704.88,Minas Gerais
2017-08-21,2061.21,Minas Gerais
2017-08-22,2487.55,Minas Gerais
2017-08-23,1033.81,Minas Gerais
2017-08-24,2274.8599999999997,Minas Gerais
2017-08-25,1325.49,Minas Gerais
2017-08-26,937.01,Minas Gerais
2017-08-27,1795.8100000000002,Minas Gerais
2017-08-28,3301.7599999999998,Minas Gerais
2017-08-29,3515.21,Minas Gerais
2017-08-30,4611.8,Minas Gerais
2017-08-31,3118.2799999999997,Minas Gerais
2017-09-01,3044.75,Minas Gerais
2017-09-02,2816.69,Minas Gerais
2017-09-03,3466.71,Minas Gerais
2017-09-04,1401.1100000000001,Minas Gerais
2017-09-05,4333.71,Minas Gerais
2017-09-06,3068.45,Minas Gerais
2017-09-07,2747.17,Minas Gerais
2017-09-08,1609.51,Minas Gerais
2017-09-09,1121.25,Minas Gerais
2017-09-10,2110.64,Minas Gerais
2017-09-11,3502.11,Minas Gerais
2017-09-12,3666.41,Minas Gerais
2017-09-13,5690.87,Minas Gerais
2017-09-14,2015.8899999999999,Minas Gerais
2017-09-15,2916.36,Minas Gerais
2017-09-16,3728.11,Minas Gerais
2017-09-17,3303.64,Minas Gerais
2017-09-18,5633.45,Minas Gerais
2017-09-19,1392.29,Minas Gerais
2017-09-20,1830.79,Minas Gerais
2017-09-21,2114.62,Minas Gerais
2017-09-22,2284.76,Minas Gerais
2017-09-23,2017.57,Minas Gerais
2017-09-24,1370.77,Minas Gerais
2017-09-25,1246.3000000000002,Minas Gerais
2017-09-26,3120.07,Minas Gerais
2017-09-27,1806.42,Minas Gerais
2017-09-28,5136.74,Minas Gerais
2017-09-29,1676.73,Minas Gerais
2017-09-30,2669.6,Minas Gerais
2017-10-01,1880.17,Minas Gerais
2017-10-02,2314.46,Minas Gerais
2017-10-03,3981.54,Minas Gerais
2017-10-04,3231.92,Minas Gerais
2017-10-05,3277.4999999999995,Minas Gerais
2017-10-06,1823.43,Minas Gerais
2017-10-07,1489.61,Minas Gerais
2017-10-08,2005.38,Minas Gerais
2017-10-09,3667.53,Minas Gerais
2017-10-10,5550.65,Minas Gerais
2017-10-11,1803.26,Minas Gerais
2017-10-12,4374.94,Minas Gerais
2017-10-13,3697.61,Minas Gerais
2017-10-14,1667.35,Minas Gerais
2017-10-15,4742.69,Minas Gerais
2017-10-16,4640.51,Minas Gerais
2017-10-17,2068.71,Minas Gerais
2017-10-18,5044.16,Minas Gerais
2017-10-19,4007.16,Minas Gerais
2017-10-20,1324.86,Minas Gerais
2017-10-21,1839.55,Minas Gerais
2017-10-22,4984.42,Minas Gerais
2017-10-23,2669.4900000000002,Minas Gerais
2017-10-24,3560.76,Minas Gerais
2017-10-25,3425.54,Minas Gerais
2017-10-26,3548.91,Minas Gerais
2017-10-27,2806.95,Minas Gerais
2017-10-28,1186.77,Minas Gerais
2017-10-29,2758.9,Minas Gerais
2017-10-30,1761.7900000000002,Minas Gerais
2017-10-31,1912.65,Minas Gerais
2017-11-01,2557.83,Minas Gerais
2017-11-02,4067.72,Minas Gerais
2017-11-03,2752.84,Minas Gerais
2017-11-04,2234.7,Minas Gerais
2017-11-05,1181.26,Minas Gerais
2017-11-06,2092.73,Minas Gerais
2017-11-07,2817.19,Minas Gerais
2017-11-08,2665.04,Minas Gerais
2017-11-09,3383.43,Minas Gerais
2017-11-10,2795.89,Minas Gerais
2017-11-11,3927.6699999999996,Minas Gerais
2017-11-12,2396.35,Minas Gerais
2017-11-13,3363.87,Minas Gerais
2017-11-14,2892.4500000000003,Minas Gerais
2017-11-15,3566.28,Minas Gerais
2017-11-16,2698.94,Minas Gerais
2017-11-17,3140.98,Minas Gerais
2017-11-18,1996.4,Minas Gerais
2017-11-19,2770.5299999999997,Minas Gerais
2017-11-20,4151.91,Minas Gerais
2017-11-21,4707.83,Minas Gerais
2017-11-22,4058.09,Minas Gerais
2017-11-23,9150.81,Minas Gerais
2017-11-24,28277.91,Minas Gerais
2017-11-25,12303.12,Minas Gerais
2017-11-26,10160.34,Minas Gerais
2017-11-27,9823.54,Minas Gerais
2017-11-28,7294.91,Minas Gerais
2017-11-29,6025.96,Minas Gerais
2017-11-30,4872.86,Minas Gerais
2017-12-01,4740.0,Minas Gerais
2017-12-02,4476.44,Minas Gerais
2017-12-03,5421.39,Minas Gerais
2017-12-04,8380.83,Minas Gerais
2017-12-05,5995.58,Minas Gerais
2017-12-06,6190.68,Minas Gerais
2017-12-07,3122.63,Minas Gerais
2017-12-08,4135.099999999999,Minas Gerais
2017-12-09,1630.74,Minas Gerais
2017-12-10,5156.18,Minas Gerais
2017-12-11,3278.72,Minas Gerais
2017-12-12,5939.68,Minas Gerais
2017-12-13,3842.6,Minas Gerais
2017-12-14,2223.34,Minas Gerais
2017-12-15,3295.2599999999998,Minas Gerais
2017-12-16,3780.62,Minas Gerais
2017-12-17,1346.04,Minas Gerais
2017-12-18,3909.98,Minas Gerais
2017-12-19,2426.35,Minas Gerais
2017-12-20,5521.92,Minas Gerais
2017-12-21,2311.64,Minas Gerais
2017-12-22,964.09,Minas Gerais
2017-12-23,911.4100000000001,Minas Gerais
2017-12-24,305.65000000000003,Minas Gerais
2017-12-25,1371.31,Minas Gerais
2017-12-26,3636.3,Minas Gerais
2017-12-27,2730.39,Minas Gerais
2017-12-28,2875.25,Minas Gerais
2017-12-29,3149.42,Minas Gerais
2017-12-30,2216.05,Minas Gerais
2017-12-31,168.20999999999998,Minas Gerais
2018-01-01,1198.74,Minas Gerais
2018-01-02,2010.21,Minas Gerais
2018-01-03,3285.72,Minas Gerais
2018-01-04,2607.41,Minas Gerais
2018-01-05,5000.72,Minas Gerais
2018-01-06,5564.1,Minas Gerais
2018-01-07,3261.91,Minas Gerais
2018-01-08,5391.78,Minas Gerais
2018-01-09,4618.21,Minas Gerais
2018-01-10,2723.26,Minas Gerais
2018-01-11,7636.4800000000005,Minas Gerais
2018-01-12,4200.24,Minas Gerais
2018-01-13,3711.44,Minas Gerais
2018-01-14,3981.17,Minas Gerais
2018-01-15,3869.11,Minas Gerais
2018-01-16,7881.4,Minas Gerais
2018-01-17,4791.49,Minas Gerais
2018-01-18,3021.86,Minas Gerais
2018-01-19,4969.83,Minas Gerais
2018-01-20,4511.58,Minas Gerais
2018-01-21,1955.8,Minas Gerais
2018-01-22,6229.49,Minas Gerais
2018-01-23,5686.05,Minas Gerais
2018-01-24,3706.35,Minas Gerais
2018-01-25,5712.37,Minas Gerais
2018-01-26,8877.81,Minas Gerais
2018-01-27,1182.3700000000001,Minas Gerais
2018-01-28,3306.87,Minas Gerais
2018-01-29,2783.06,Minas Gerais
2018-01-30,4086.81,Minas Gerais
2018-01-31,4814.15,Minas Gerais
2018-02-01,4690.74,Minas Gerais
2018-02-02,6635.68,Minas Gerais
2018-02-03,2149.92,Minas Gerais
2018-02-04,2423.8,Minas Gerais
2018-02-05,6491.42,Minas Gerais
2018-02-06,4420.8,Minas Gerais
2018-02-07,7359.63,Minas Gerais
2018-02-08,5592.85,Minas Gerais
2018-02-09,5535.150000000001,Minas Gerais
2018-02-10,2897.12,Minas Gerais
2018-02-11,1602.88,Minas Gerais
2018-02-12,2726.63,Minas Gerais
2018-02-13,1842.94,Minas Gerais
2018-02-14,7800.469999999999,Minas Gerais
2018-02-15,2687.03,Minas Gerais
2018-02-16,3844.04,Minas Gerais
2018-02-17,4272.84,Minas Gerais
2018-02-18,3007.14,Minas Gerais
2018-02-19,2508.23,Minas Gerais
2018-02-20,7954.5199999999995,Minas Gerais
2018-02-21,3176.37,Minas Gerais
2018-02-22,4666.54,Minas Gerais
2018-02-23,4901.62,Minas Gerais
2018-02-24,2846.69,Minas Gerais
2018-02-25,4231.0,Minas Gerais
2018-02-26,5966.96,Minas Gerais
2018-02-27,4209.97,Minas Gerais
2018-02-28,7671.85,Minas Gerais
2018-03-01,3785.73,Minas Gerais
2018-03-02,4533.41,Minas Gerais
2018-03-03,2811.96,Minas Gerais
2018-03-04,5441.29,Minas Gerais
2018-03-05,3292.39,Minas Gerais
2018-03-06,7578.22,Minas Gerais
2018-03-07,3706.2799999999997,Minas Gerais
2018-03-08,5987.47,Minas Gerais
2018-03-09,3762.7999999999997,Minas Gerais
2018-03-10,3773.28,Minas Gerais
2018-03-11,6987.36,Minas Gerais
2018-03-12,4933.16,Minas Gerais
2018-03-13,7752.3,Minas Gerais
2018-03-14,3684.07,Minas Gerais
2018-03-15,6757.26,Minas Gerais
2018-03-16,3821.92,Minas Gerais
2018-03-17,1191.25,Minas Gerais
2018-03-18,2007.41,Minas Gerais
2018-03-19,3883.5,Minas Gerais
2018-03-20,4987.5,Minas Gerais
2018-03-21,4812.47,Minas Gerais
2018-03-22,4324.05,Minas Gerais
2018-03-23,4403.29,Minas Gerais
2018-03-24,3692.94,Minas Gerais
2018-03-25,3151.9900000000002,Minas Gerais
2018-03-26,4336.97,Minas Gerais
2018-03-27,4203.4,Minas Gerais
2018-03-28,3985.95,Minas Gerais
2018-03-29,7980.320000000001,Minas Gerais
2018-03-30,2408.36,Minas Gerais
2018-03-31,2203.98,Minas Gerais
2018-04-01,4879.3099999999995,Minas Gerais
2018-04-02,3661.21,Minas Gerais
2018-04-03,5714.71,Minas Gerais
2018-04-04,2712.85,Minas Gerais
2018-04-05,7363.43,Minas Gerais
2018-04-06,2773.27,Minas Gerais
2018-04-07,2647.84,Minas Gerais
2018-04-08,3239.56,Minas Gerais
2018-04-09,6511.41,Minas Gerais
2018-04-10,3538.2000000000003,Minas Gerais
2018-04-11,8887.54,Minas Gerais
2018-04-12,6493.14,Minas Gerais
2018-04-13,4620.21,Minas Gerais
2018-04-14,1871.35,Minas Gerais
2018-04-15,4219.87,Minas Gerais
2018-04-16,4971.13,Minas Gerais
2018-04-17,4000.7999999999997,Minas Gerais
2018-04-18,4727.76,Minas Gerais
2018-04-19,4522.83,Minas Gerais
2018-04-20,2042.8700000000001,Minas Gerais
2018-04-21,2439.98,Minas Gerais
2018-04-22,3172.07,Minas Gerais
2018-04-23,4098.66,Minas Gerais
2018-04-24,5014.79,Minas Gerais
2018-04-25,5079.77,Minas Gerais
2018-04-26,5864.3099999999995,Minas Gerais
2018-04-27,5735.72,Minas Gerais
2018-04-28,1270.74,Minas Gerais
2018-04-29,2215.63,Minas Gerais
2018-04-30,4527.85,Minas Gerais
2018-05-01,3950.63,Minas Gerais
2018-05-02,3987.51,Minas Gerais
2018-05-03,4294.46,Minas Gerais
2018-05-04,4646.28,Minas Gerais
2018-05-05,2473.49,Minas Gerais
2018-05-06,2333.85,Minas Gerais
2018-05-07,6122.87,Minas Gerais
2018-05-08,4738.33,Minas Gerais
2018-05-09,5865.01,Minas Gerais
2018-05-10,7302.73,Minas Gerais
2018-05-11,3975.61,Minas Gerais
2018-05-12,4966.51,Minas Gerais
2018-05-13,3271.99,Minas Gerais
2018-05-14,7573.3099999999995,Minas Gerais
2018-05-15,8175.14,Minas Gerais
2018-05-16,7853.96,Minas Gerais
2018-05-17,4453.46,Minas Gerais
2018-05-18,3070.73,Minas Gerais
2018-05-19,1070.1399999999999,Minas Gerais
2018-05-20,2062.6,Minas Gerais
2018-05-21,2902.37,Minas Gerais
2018-05-22,3553.98,Minas Gerais
2018-05-23,1866.2,Minas Gerais
2018-05-24,952.1800000000001,Minas Gerais
2018-05-25,1828.18,Minas Gerais
2018-05-26,2293.44,Minas Gerais
2018-05-27,876.41,Minas Gerais
2018-05-28,4012.88,Minas Gerais
2018-05-29,3030.2000000000003,Minas Gerais
2018-05-30,2978.88,Minas Gerais
2018-05-31,3025.25,Minas Gerais
2018-06-01,4027.03,Minas Gerais
2018-06-02,4648.39,Minas Gerais
2018-06-03,2533.43,Minas Gerais
2018-06-04,4150.84,Minas Gerais
2018-06-05,2752.1,Minas Gerais
2018-06-06,4207.7300000000005,Minas Gerais
2018-06-07,3986.61,Minas Gerais
2018-06-08,4125.8,Minas Gerais
2018-06-09,2565.28,Minas Gerais
2018-06-10,4343.44,Minas Gerais
2018-06-11,8333.39,Minas Gerais
2018-06-12,6313.46,Minas Gerais
2018-06-13,5461.37,Minas Gerais
2018-06-14,4699.86,Minas Gerais
2018-06-15,6307.82,Minas Gerais
2018-06-16,4161.4400000000005,Minas Gerais
2018-06-17,2086.13,Minas Gerais
2018-06-18,5904.110000000001,Minas Gerais
2018-06-19,3888.65,Minas Gerais
2018-06-20,4637.51,Minas Gerais
2018-06-21,5604.3,Minas Gerais
2018-06-22,1863.77,Minas Gerais
2018-06-23,3820.77,Minas Gerais
2018-06-24,2251.7,Minas Gerais
2018-06-25,3693.01,Minas Gerais
2018-06-26,5576.98,Minas Gerais
2018-06-27,3857.1,Minas Gerais
2018-06-28,5056.82,Minas Gerais
2018-06-29,2985.73,Minas Gerais
2018-06-30,1514.4,Minas Gerais
2018-07-01,1739.3899999999999,Minas Gerais
2018-07-02,3053.34,Minas Gerais
2018-07-03,3814.76,Minas Gerais
2018-07-04,5733.66,Minas Gerais
2018-07-05,3394.91,Minas Gerais
2018-07-06,1743.95,Minas Gerais
2018-07-07,713.51,Minas Gerais
2018-07-08,1551.24,Minas Gerais
2018-07-09,1780.33,Minas Gerais
2018-07-10,709.13,Minas Gerais
2018-07-11,838.47,Minas Gerais
2018-07-12,1253.8600000000001,Minas Gerais
2018-07-13,3550.92,Minas Gerais
2018-07-14,3643.6899999999996,Minas Gerais
2018-07-15,5916.29,Minas Gerais
2018-07-16,4334.27,Minas Gerais
2018-07-17,4051.92,Minas Gerais
2018-07-18,7224.35,Minas Gerais
2018-07-19,5893.18,Minas Gerais
2018-07-20,3892.08,Minas Gerais
2018-07-21,2343.82,Minas Gerais
2018-07-22,3558.9900000000002,Minas Gerais
2018-07-23,4586.13,Minas Gerais
2018-07-24,3183.98,Minas Gerais
2018-07-25,3891.61,Minas Gerais
2018-07-26,3113.7799999999997,Minas Gerais
2018-07-27,3411.85,Minas Gerais
2018-07-28,3153.03,Minas Gerais
2018-07-29,6734.070000000001,Minas Gerais
2018-07-30,5360.77,Minas Gerais
2018-07-31,4590.92,Minas Gerais
2018-08-01,5383.42,Minas Gerais
2018-08-02,3027.85,Minas Gerais
2018-08-03,4897.78,Minas Gerais
2018-08-04,8191.34,Minas Gerais
2018-08-05,4701.360000000001,Minas Gerais
2018-08-06,7471.88,Minas Gerais
2018-08-07,9098.41,Minas Gerais
2018-08-08,4899.46,Minas Gerais
2018-08-09,3628.42,Minas Gerais
2018-08-10,4448.39,Minas Gerais
2018-08-11,3288.4,Minas Gerais
2018-08-12,5617.15,Minas Gerais
2018-08-13,3529.2,Minas Gerais
2018-08-14,4457.820000000001,Minas Gerais
2018-08-15,9007.92,Minas Gerais
2018-08-16,2983.82,Minas Gerais
2018-08-17,5311.5,Minas Gerais
2018-08-18,2642.8,Minas Gerais
2018-08-19,2962.2,Minas Gerais
2018-08-20,5767.33,Minas Gerais
2018-08-21,3707.14,Minas Gerais
